{"cameraMode":{"drawMode":0,"name":"Shaded","section":"Shading Mode"},"sceneLighting":true,"audioPlay":false,"sceneViewState":{"m_AlwaysRefresh":false,"showFog":true,"showSkybox":true,"showFlares":true,"showImageEffects":true,"showParticleSystems":true,"showVisualEffectGraphs":true,"m_FxEnabled":true},"in2DMode":false,"pivot":{"x":20.737071990966798,"y":-4.505620002746582,"z":-221.24424743652345},"rotation":{"x":0.06737814843654633,"y":0.046355266124010089,"z":-0.0031015537679195406,"w":0.9966635704040527},"size":48.98891830444336,"orthographic":false}