{"cameraMode":{"drawMode":0,"name":"Shaded","section":"Shading Mode"},"sceneLighting":true,"audioPlay":false,"sceneViewState":{"m_AlwaysRefresh":false,"showFog":true,"showSkybox":true,"showFlares":true,"showImageEffects":true,"showParticleSystems":true,"showVisualEffectGraphs":true,"m_FxEnabled":true},"in2DMode":false,"pivot":{"x":31.615406036376954,"y":15.783159255981446,"z":-305.3881530761719},"rotation":{"x":0.14944390952587129,"y":-0.0062966314144432549,"z":0.0010112045565620065,"w":0.9887999296188355},"size":3.785616159439087,"orthographic":false}