{"cameraMode":{"drawMode":0,"name":"Shaded","section":"Shading Mode"},"sceneLighting":true,"audioPlay":false,"sceneViewState":{"m_AlwaysRefresh":false,"showFog":true,"showSkybox":true,"showFlares":true,"showImageEffects":true,"showParticleSystems":true,"showVisualEffectGraphs":true,"m_FxEnabled":true},"in2DMode":false,"pivot":{"x":-8.191780090332032,"y":1.5757936239242554,"z":16.511730194091798},"rotation":{"x":-0.029488714411854745,"y":0.7342610955238342,"z":0.031960632652044299,"w":0.6774758696556091},"size":3.293487071990967,"orthographic":false}