{"cameraMode":{"drawMode":0,"name":"Shaded","section":"Shading Mode"},"sceneLighting":true,"audioPlay":false,"sceneViewState":{"m_AlwaysRefresh":false,"showFog":true,"showSkybox":true,"showFlares":true,"showImageEffects":true,"showParticleSystems":true,"showVisualEffectGraphs":true,"m_FxEnabled":true},"in2DMode":false,"pivot":{"x":16.33915138244629,"y":12.407276153564454,"z":-308.79949951171877},"rotation":{"x":0.17902858555316926,"y":0.0061845253221690659,"z":-0.0011226837523281575,"w":0.983831524848938},"size":12.12435531616211,"orthographic":false}