{"cameraMode":{"drawMode":0,"name":"Shaded","section":"Shading Mode"},"sceneLighting":true,"audioPlay":false,"sceneViewState":{"m_AlwaysRefresh":false,"showFog":true,"showSkybox":true,"showFlares":true,"showImageEffects":true,"showParticleSystems":true,"showVisualEffectGraphs":true,"m_FxEnabled":true},"in2DMode":false,"pivot":{"x":8.338069915771485,"y":22.55640411376953,"z":-316.22381591796877},"rotation":{"x":-0.009311020374298096,"y":-0.3069363832473755,"z":0.0033992226235568525,"w":-0.9519147872924805},"size":4.417857646942139,"orthographic":false}